Image Title ,URL,Citation
"Roundup For Lawns Ready-To-Spray (Northern), 32 oz. - Lawn Safe Weed Killer",https://www.amazon.com/Roundup-Lawns-RTS-Northern-32oz/dp/B01JIRGACC?th=1,Weed Killers. (2026). Amazon. https://www.amazon.com/Roundup-Lawns-RTS-Northern-32oz/dp/B01JIRGACC?th=1
Tennessee Roundup Lawyers Ad,https://adstransparency.google.com/?region=US&domain=rounduplawsuits.org,Google Ads Transparency Center. (2026). Rounduplawsuits.Org. https://adstransparency.google.com/?region=US&domain=rounduplawsuits.org
2016 Roundup Lawsuit Ad,https://adstransparency.google.com/?region=US&domain=rounduplawsuits.org,Google Ads Transparency Center. (2026). Rounduplawsuits.Org. https://adstransparency.google.com/?region=US&domain=rounduplawsuits.org
Roundup Lawsuit NHL Ad,https://adstransparency.google.com/?region=US&domain=rounduplawsuits.org,Google Ads Transparency Center. (2026). Rounduplawsuits.Org. https://adstransparency.google.com/?region=US&domain=rounduplawsuits.org
Garden supply store shelf with containers of RoundUp weed killer.,https://www.law.com/2023/11/22/critical-mass-with-law-coms-amanda-bronstad-who-won-the-1-56b-roundup-verdict-report-british-more-involved-in-class-actions/,"Bardash, E. (2023, November 22). Who won the $1.56B roundup verdict? . Centellic. Law.Com. https://www.law.com/2023/11/22/critical-mass-with-law-coms-amanda-bronstad-who-won-the-1-56b-roundup-verdict-report-british-more-involved-in-class-actions/"
"Wagstaff Law Firm TV Spot, 'Monsanto Roundup Legal Helpline'",https://www.ispot.tv/ad/6fO3/wagstaff-law-firm-monsanto-roundup-legal-helpline,"iSpot. (2026). Wagstaff law firm TV spot, “monsanto roundup legal helpline.” Realtime TV Advertising Performance Measurement. https://www.ispot.tv/ad/6fO3/wagstaff-law-firm-monsanto-roundup-legal-helpline"
Roundup 5 L Weed Killer with Battery Powered Comfort Wand Sprayer,https://www.homedepot.ca/product/roundup-5-l-weed-killer-with-battery-powered-comfort-wand-sprayer/1000856530,The Home Depot. (2026). Roundup 5 L Weed Killer with Battery Powered Comfort Wand Sprayer. Weed Control.
Red box Warning Label ,https://glyphosatefacts.com/as-bayer-sows-so-bayer-shall-reap/,"Ryerson, K. (2026, February 11). As Bayer sows, so Bayer shall reap . Glyphosate Facts. https://glyphosatefacts.com/as-bayer-sows-so-bayer-shall-reap/"
Goldwater Lawfirm,https://goldwaterlawfirm.com/torts/roundup-lawsuit/,"Goldwater Law Firm. (2026, January 29). Roundup® lawsuit. https://goldwaterlawfirm.com/torts/roundup-lawsuit/"
Roundup Fast Action Ad,https://www.youtube.com/watch?v=3oIAuJcOtT4,"LoveTheGarden. (2021, May 18). ROUNDUP® fast action ready to use weedkiller | kills weeds to the root | love the garden [Video]. YouTube. https://www.youtube.com/watch?v=3oIAuJcOtT4"
mo_billboard,https://flatlandkc.org/news-issues/health/bayer-pushes-roundup-protection-bill-in-missouri/,"Cosgrove, L. (2024, May 15). Bayer pushes roundup protection Bill in Missouri. Flatland KC. https://flatlandkc.org/news-issues/health/bayer-pushes-roundup-protection-bill-in-missouri/"
mo_billboard1,https://www.wjtv.com/washington/washington-dc/ap-weedkiller-maker-asks-us-supreme-court-to-block-lawsuits-claiming-it-failed-to-warn-about-cancer/,"LIEB, D. A. (2025, April 7). Weedkiller maker asks US Supreme Court to block lawsuits claiming it failed to warn about cancer. WJTV. https://www.wjtv.com/washington/washington-dc/ap-weedkiller-maker-asks-us-supreme-court-to-block-lawsuits-claiming-it-failed-to-warn-about-cancer/"
mo_billboard2,https://www.stlpr.org/government-politics-issues/2025-06-04/roundup-pesticide-debate-continues-after-bayer-backed-bill-fails,"Lewis, E. (2025, June 4). Roundup pesticide debate continues following failure of Bayer-backed bill. Stlpr. https://www.stlpr.org/government-politics-issues/2025-06-04/roundup-pesticide-debate-continues-after-bayer-backed-bill-fails"
P&M Lawfirm ,https://www.bestlawfirmsofamerica.com/law-firm/pmlaw/,P & M law - best law firms. (2019). Best Law Firms. https://www.bestlawfirmsofamerica.com/law-firm/pmlaw/
Vintage Ad,https://www.no-tillfarmer.com/articles/11465-herbicide-history-part-ii-no-till-rallies-on-roundup,"Lessiter, M. (2022). Herbicide history, part II: No-till rallies on roundup. www.no-tillfarmer.com. Crop Protection. https://www.no-tillfarmer.com/articles/11465-herbicide-history-part-ii-no-till-rallies-on-roundup"
"The Driscoll Firm, P.C.",https://thedriscollfirm.com/,"The driscoll firm - nationwide Complex Litigation Attorneys. (2016, October 17). The Driscoll Firm, LLC. https://thedriscollfirm.com/"
Fielding Law Ad,https://clarkthesharklaw.com/roundup-weed-killer/,"Roundup weed killer cancer lawsuit | clark the shark® attorney. (2024, January 30). Clark the Shark® Attorney. https://clarkthesharklaw.com/roundup-weed-killer/"