Year,Scientific Evidence,Legal Decision,Stakeholder Interests/Actions,Regulatory Outcome Binary,Regulatory Outcome Categorical ,Source URL 1,Citation 1,Source URL 2,Citation 2
1974,Early toxicology data reviewed by EPA did not indicate carcinogenicity,"EPA first registers glyphosate for use as a herbicide in the United States under FIFRA. Group E classification, no evidence of cancer in humans or required warning labels.","Monsanto (original inventor) promoted glyphosate as a safe, broad-spectrum herbicide; agricultural industry embraced the product.",Deregulation,Deregulatory / Less restrictive,https://www.epa.gov/ingredients-used-pesticide-products/glyphosate,"US EPA. (2024b, August 27). Ingredients Used  in Pesticide Products. US EPA. https://www.epa.gov/ingredients-used-pesticide-products/glyphosate",https://www.supremecourt.gov/opinions/25pdf/24-1068_n7ip.pdf,"Supreme Court of the United States. (2026). In 24-1068 Monsanto v. Durnell . COURT OF APPEALS OF MISSOURI, EASTERN DISTRICT . https://www.supremecourt.gov/opinions/25pdf/24-1068_n7ip.pdf"
1985,"US EPA's own mouse study showed tumor increases, but not in humans","Group C hazard classification possibly carcinogenic to humans, add warning label",Industry challenged interpretation of the animal data; public interest groups began questioning glyphosate safety.,Restrictive,Restrictive,https://iarc.who.int/wp-content/uploads/2018/07/MonographVolume112.pdf,International Agency for Research on Cancer (IARC). (2015). IARC monographs volume 112: Evaluation of five organophosphate insecticides and herbicides. International Agency for Research on Cancer (IARC). https://www.iarc.who.int/wp-content/uploads/2018/07/MonographVolume112.pdf,,
1991,Re-evaluated mouse data; EPA concluded the tumor findings were not predictive of human cancer risk.,Glyphosate reclassified as Group E; EPA reaffirmed registration in 1993 without cancer warning.,Monsanto and agricultural lobbies supported the downgrade; environmental NGOs expressed concern.,Deregulation,Deregulatory / Less restrictive,,,,
1993,"Re-affirm previous 1991 statements in a report from the National Academy of Sciences', Pesticides in the Diets of Infants & Children.",Glyphosate reregistered without a cancer warning on labels.,Agribusiness continued lobbying against precautionary measures; glyphosate adoption accelerated with transgenic glyphosate restant crops. ,Deregulation,Deregulatory / Less restrictive,,,,
1996,Discussions of to what extent pesticides concentrate within food as evidence for violation of the Delaney clause,"The Food Quality Protection Act (FQPA) is passed, requiring continuous review of existing pesticides. (California ex. rel. Van de Kamp v. Reilly) rule against the EPA for food pesticide contamination.","The people of California, AFL-CIO, Natural Resources Defense Council sued the EPA and manufacturers",Restrictive  ,Restrictive,https://law.counselstack.com/opinion/california-ex-rel-van-de-kamp-v-reilly-caed-1990,"E.D. California. (1990, September 30). California ex. rel. Van De Kamp V. Reilly. Counsel Stack, Inc. Counsel Stack. https://law.counselstack.com/opinion/california-ex-rel-van-de-kamp-v-reilly-caed-1990",https://www.nationalacademies.org/read/2126/chapter/10 ,"National Academies of Sciences, Engineering, and Medicine. 1993. Pesticides in the Diets of Infants and Children. Washington, DC: The National Academies Press. https://doi.org/10.17226/2126."
2001,"Early cohort studies in USA, Canada, and Sweden suggest a possible link between glyphosate exposure and non-Hodgkin lymphoma (NHL).",No regulatory action; EPA continues to maintain Group E classification.,Academic researchers publish findings; environmental NGOs cite early evidence in advocacy campaigns.,Neutral,Continuation / No major change,,,,
2006,Program mandates comprehensive re-evaluation of existing pesticide data on a 15-year cycle.,Glyphosate entered the registration review pipeline under Statutory basis: FIFRA § 3(g).,Industry stakeholders expected the process to be science-based and efficient; NGOs pushed for thoroughness.,Neutral,Reassessment / Procedural,https://www.epa.gov/sites/default/files/2020-01/documents/glyphosate-interim-reg-review-decision-case-num-0178.pdf,"Reaves, E. (2020). Glyphosate Interim Registration  Review Decision Case Number 0178. US-EPA. https://www.epa.gov/sites/default/files/2020-01/documents/glyphosate-interim-reg-review-decision-case-num-0178.pdf",,
2009,EPA begins a comprehensive human health and ecological risk reassessment.,Work plan for introducing glyphosate; Statutory trigger: FIFRA § 3(g). ,NRDC files a petition raising science concerns; EPA extends the review timeline to address the petition and subsequent IARC review.,Neutral,Reassessment / Procedural,https://www.epa.gov/sites/default/files/2019-04/documents/glyphosate-pid-signed.pdf,"Smith, C. (2019). Glyphosate Proposed Interim Registration Review Decision Case Number 0178. US EPA. https://www.epa.gov/sites/default/files/2019-04/documents/glyphosate-pid-signed.pdf",,
2010,"EPA issues a Generic Data Call-In (GDCI) for glyphosate, requiring registrants to conduct additional toxicity and ecological studies.",Data requirements imposed under FIFRA.,"Glyphosate manufacturers/companies (including Monsanto/Bayer) fund and submit required studies. EPA issues a Generic Data Call-In (GDCI) for glyphosate, requiring registrants to conduct additional toxicity and ecological studies. ",Restrictive,Restrictive,https://www.epa.gov/ingredients-used-pesticide-products/glyphosate,"US EPA. (2024a, August 27). Glyphosate. EPA. Ingredients Used in Pesticide Products. https://www.epa.gov/ingredients-used-pesticide-products/glyphosate",,
2015,"IARC Working Group (17 independent experts from 11 countries) concluded: limited evidence in humans, sufficient evidence in animals, strong evidence for genotoxicity.",IARC classification becomes the basis for subsequent US litigation.,Monsanto protests the classification as inconsistent with all other regulatory agencies. Environmental groups cite IARC as validation of glyphosate dangers. IARC classification sparks global regulatory re-examinations; EPA and others defend prior conclusions.,Neutral,Scientific event — no direct regulatory change,https://iarc.who.int/featured-news/%20media-centre-iarc-news-glyphosate,IARC WHO. (2019). IARC Monograph on Glyphosate. Media Center. https://www.iarc.who.int/featured-news/%20media-centre-iarc-news-glyphosate,,
2016,"Scientific Advisory Panel (SAP) examined epidemiological, animal, and genotoxicity data; panel did not reach consensus on many recommendations.",SAP advice informs EPA's scientific posture but is not legally binding.,Industry and NGOs both submitted comments to SAP; transparency of the process debated. SAP report published March 2017; EPA begins updating its Issue Paper.,Neutral,Reassessment / Procedural,https://www.epa.gov/ingredients-used-pesticide-products/glyphosate,"US EPA. (2024b, August 27). Ingredients Used  in Pesticide Products. US EPA. https://www.epa.gov/ingredients-used-pesticide-products/glyphosate",https://cfpub.epa.gov/si/si_public_file_download.cfm?Lab=OCSPP&p_download_id=534486,United States Environmental Protection Agency. (2017). Response to the final report of the FIFRA SAP on the evaluation of glyphosate. United States Environmental Protection Agency. https://cfpub.epa.gov/si/si_public_file_download.cfm?Lab=OCSPP&p_download_id=534486
2017,"EPA incorporates updated AHS cohort analysis (Andreotti et al., 2017) showing no association between glyphosate and NHL after 17.5-year follow-up.",EPA maintains non-carcinogenic classification; risk assessments finalized for public comment. EPA's conclusion becomes central defense in later litigation. ,"Over 238,000 public comments received (mostly mass mail campaigns); ~2,244 unique submissions from diverse stakeholders.",Deregulation,Deregulatory / Less restrictive,https://www.epa.gov/sites/default/files/2020-01/documents/glyphosate-interim-reg-review-decision-case-num-0178.pdf,"Reaves, E. (2020). Glyphosate Interim Registration  Review Decision Case Number 0178. US-EPA. https://www.epa.gov/sites/default/files/2020-01/documents/glyphosate-interim-reg-review-decision-case-num-0178.pdf",,
2017,Over 155 weed species confirmed herbicide-resistant in the US; resistance management is a widely recognized agricultural problem.,Issued under FIFRA authority. Herbicide resistance elements included in every herbicide PID and ID during registration review.,"Growers, agrichemical industry, and academic researchers collaborate on integrated pest management (IPM) frameworks. EPA finalizes Pesticide Registration Notice (PRN) on herbicide resistance management.",Restrictive,Restrictive,https://www.epa.gov/sites/default/files/2020-01/documents/glyphosate-interim-reg-review-decision-case-num-0178.pdf,"Reaves, E. (2020). Glyphosate Interim Registration  Review Decision Case Number 0178. US-EPA. https://www.epa.gov/sites/default/files/2020-01/documents/glyphosate-interim-reg-review-decision-case-num-0178.pdf",,
2018,Johnson's expert witnesses cited IARC classification and epidemiological studies linking glyphosate to NHL.,"DeWayne ""Lee"" Johnson v. Monsanto: firstRoundup cancer trial. Jury found Monsanto's Roundup a substantial contributing factor to Johnson's cancer, awards Johnson $289 million ($250M punitive).",USRTK and plaintiff attorneys file additional lawsuits; Monsanto/Bayer mobilize massive legal defense; industry allies cite EPA science.,Neutral,Legal event — no direct regulatory change,https://usrtk.org/monsanto-papers/ ,U.S. Right to Know. (2018). Monsanto papers - U.S. right to know. https://usrtk.org/monsanto-papers/,https://www.supremecourt.gov/opinions/25pdf/24-1068_n7ip.pdf,"Supreme Court of the United States. (2026). In 24-1068 Monsanto v. Durnell . COURT OF APPEALS OF MISSOURI, EASTERN DISTRICT . https://www.supremecourt.gov/opinions/25pdf/24-1068_n7ip.pdf"
2018,Environmental Working Group (EWG) and food company coalition petitions EPA to lower glyphosate tolerance in oats and prohibit preharvest use on oats. Court acknowledged scientific evidence but found punitive damages excessive. Scientific evidence was already sharply divided; Bayer inherited glyphosate's global liability profile. ,Petition filed under FFDCA; docket EPA-HQ-OPP-2019-0066 opened. Acquisition means Bayer assumes all pending and future Monsanto litigation. California 1st District Court of Appeal later upholds the grounds of the verdict but lowers damages to $20.5M. Judge William Alsup reduces Johnson's punitive damages to $39 million (total verdict ~$78 million) in the first trial. Settled via appeal; precedent set for future Roundup litigation.,"Bayer completes its acquisition of Monsanto for $63 billion; begins setting aside >$16 billion for glyphosate litigation liability; stakeholder activism intensifies. No direct regulatory change, but Bayer becomes the primary target for all glyphosate litigation. Environmental Working Group (EWG) and food company coalition petitions EPA to lower glyphosate tolerance in oats and prohibit preharvest use on oats. Ben & Jerry's, Happy Family Organics, Nature's Path, Stonyfield Farm, and others join EWG; agricultural industry opposes restrictions.EPA acknowledges petition; response deferred until after PID.",Neutral,Reassessment / Procedural,https://usrtk.org/monsanto-papers/,U.S. Right to Know. (2018). Monsanto papers - U.S. right to know. https://usrtk.org/monsanto-papers/,https://www.epa.gov/sites/default/files/2019-04/documents/glyphosate-pid-signed.pdf,"Smith, C. (2019). Glyphosate Proposed Interim Registration Review Decision Case Number 0178. US EPA. https://www.epa.gov/sites/default/files/2019-04/documents/glyphosate-pid-signed.pdf"
2019,"EPA publishes the Proposed Interim Registration Review Decision (PID) for glyphosate, maintaining it is not carcinogenic and proposing ecological mitigation. EPA withdrawls 2017 human health risk assessment",EPA's PID becomes central evidence in subsequent appellate litigation.,"EPA publishes the Proposed Interim Registration Review Decision (PID) for glyphosate, maintaining it is not carcinogenic and proposing ecological mitigation. Over 238,000 public comments submitted during the 60-day comment period; stakeholder webinars organized by EPA. California defends its Prop 65 authority; Bayer/Monsanto and industry allies press federal preemption.",Restrictive,Mixed / Restrictive,https://www.epa.gov/pesticides/epa-takes-next-step-review-process-herbicide-glyphosate-reaffirms-no-risk-public-health,"US EPA. (2019, April 30). EPA takes next step in review process for herbicide glyphosate, reaffirms no risk to public health. Pesticides. https://www.epa.gov/pesticides/epa-takes-next-step-review-process-herbicide-glyphosate-reaffirms-no-risk-public-health",,
2020,"EPA's comprehensive assessment: no risks from dietary, drinking-water, or residential exposure; ecological risks identified for non-target plants. Supporting documents include risk assessments, responses to comments, and benefits assessment.","ID promulgated; interim mitigation measures imposed (spray drift, resistance management). NRDC and Rural Coalition challenge the ID in the Ninth Circuit. Third Circuit (2010) acknowledged FIFRA preemption ambiguity; subsequent cases test the scope of EPA's labeling authority. Novartis (now Syngenta) wins summary judgment in Indian Brand Farms v. Novartis on FIFRA preemption, consistent with evolving jurisprudence.","Environmental groups challenge the ID on health and ESA grounds; industry and farm groups support the ID. Environmental NGOs emphasize ESA risks; agricultural groups argue the ecological analysis is overstated. Wide range of stakeholders affected: farmers, environmental advocates, agricultural industry, consumer health groups. Agribusiness firms advance FIFRA preemption as a defense in all glyphosate failure-to-warn suits.",Deregulation,Mixed / Restrictive,https://www.epa.gov/ingredients-used-pesticide-products/glyphosate ,"US EPA. (2024a, August 27). Glyphosate. EPA. Ingredients Used in Pesticide Products. https://www.epa.gov/ingredients-used-pesticide-products/glyphosate", https://www.epa.gov/pesticides/epa-withdraws-glyphosate-interim-decision,"US EPA, O. (2022, September 26). EPA withdraws glyphosate interim decision. Www.Epa.Gov. https://www.epa.gov/pesticides/epa-withdraws-glyphosate-interim-decision"
2021,"Ecological assessment identifies significant risks to non-target plants, which are the base of food chains for listed species.",EPA initiates formal ESA consultation with US Fish &amp; Wildlife Service and NOAA Fisheries (November 2021).,"Consultation ongoing; partial voluntary remand sought from Ninth Circuit (May 2021). EPA issues the final Biological Evaluation for glyphosate, concluding glyphosate is ""likely to adversely affect"" 93% of listed species and 96% of critical habitat.",Restrictive,Restrictive / Reassessment,https://www.epa.gov/ingredients-used-pesticide-products/glyphosate,"US EPA. (2024a, August 27). Glyphosate. EPA. Ingredients Used in Pesticide Products. https://www.epa.gov/ingredients-used-pesticide-products/glyphosate",,
2022,"Court holds EPA's registration review decision is an ""action"" triggering ESA obligations; criticizes EPA's ecological analysis.","NRDC v. EPA, 38 F.4th 34 (9th Cir. 2022). Court vacates human health ID; grants voluntary remand (without vacatur) of ecological portion.","Ninth Circuit vacates the human health portion of EPA's 2020 Interim Decision and imposes an October 1, 2022 deadline for a new ecological portion. Environmental groups largely vindicated; EPA unable to meet court-imposed deadline. EPA withdraws the entire Glyphosate ID in September 2022; glyphosate registrations remain but the ID is nullified.",Neutral,Legal / Procedural,https://www.epa.gov/pesticides/epa-withdraws-glyphosate-interim-decision,"US EPA, O. (2022, September 26). EPA withdraws glyphosate interim decision. Www.Epa.Gov. https://www.epa.gov/pesticides/epa-withdraws-glyphosate-interim-decision",https://content.govdelivery.com/attachments/IACIO/2024/08/07/file_attachments/2959841/2024.08.07%20-%20Glyphosate%20Petition%20for%20Rulemaking.pdf,"Hilgers, M. (2024). State of Nebraska Office of the Attorney General. US EPA. 2024.08.07 - Glyphosate Petition for Rulemaking.Pdf. https://content.govdelivery.com/attachments/IACIO/2024/08/07/file_attachments/2959841/2024.08.07%20-%20Glyphosate%20Petition%20for%20Rulemaking.pdf"
2024,Settlement reflects the volume and severity of plaintiff verdicts despite scientific dispute over carcinogenicity.,Mass settlement but no admission of liability; litigation continues for non-settled plaintiffs. Petition seeks to amend 40 CFR § 156.10 to codify preemption; responds to SCOTUS guidance in Bates. Consistent with Third Circuit and other rulings supporting FIFRA preemption of state health warnings. Massachusetts state court applies FIFRA preemption doctrine.,USRTK releases internal Monsanto documents suggesting the company knew of risks; plaintiffs' attorneys continue aggressive litigation. Bayer/Monsanto and agricultural industry groups petition EPA; environmental/health groups oppose. Defendants (Bayer/Monsanto) win a preemption victory; plaintiffs' attorneys adjust litigation strategy. Mass settlement ($10B) but no admission of liability; litigation continues for non-settled plaintiffs.,Neutral,Legal / Procedural,https://www.lawsuit-information-center.com/roundup-lawsuit.html,"Miller, R. V., & Jr. (2024, February 7). Monsanto roundup lawsuit update. Miller & Zois, LLC. Lawsuit Information Center. https://www.lawsuit-information-center.com/roundup-lawsuit.html",,
2025,US government argues federal pesticide labeling decisions should preempt state tort-based cancer warnings.,U.S. Solicitor General recommends Supreme Court hear Monsanto's appeal in the Durnell Roundup case and sides with Monsanto on FIFRA preemption.,Case set for Supreme Court review; national implications for pesticide labeling law. US DOJ joins industry side; consumer/plaintiff groups file amicus opposing preemption.,Deregulation,Deregulatory / Less restrictive,https://www.lawsuit-information-center.com/roundup-lawsuit.html,"Miller, R. V., & Jr. (2024, February 7). Monsanto roundup lawsuit update. Miller & Zois, LLC. Lawsuit Information Center. https://www.lawsuit-information-center.com/roundup-lawsuit.html",https://www.bayer.com/media/en-us/monsanto-wins-landmark-roundup-case-at-us-supreme-court/,"Bayer. (2026, June 25). Monsanto wins landmark roundupTM case at U.S. Supreme Court. Bayer. Monsanto Wins Landmark RoundupTM Case at U.S. Supreme Court. https://www.bayer.com/media/en-us/monsanto-wins-landmark-roundup-case-at-us-supreme-court/"
2026,"Majority opinion by Justice Kavanaugh holds that requiring a cancer warning would be ""in addition to"" and ""different from"" EPA-approved labeling.","Monsanto Co. v. Durnell, 24-1068 (June 25, 2026): FIFRA expressly preempts Durnell's claim. Dissent (2 justices) argues the ruling leaves plaintiffs without remedy.","Agribusiness and industry hailed the ruling as bringing ""containment"" to litigation; consumer advocates decried the loss of accountability. Bayer states it affirms EPA's safety determination.",Deregulation,Deregulatory / Less restrictive,https://www.supremecourt.gov/opinions/25pdf/24-1068_n7ip.pdf ,"Supreme Court of the United States. (2026). In 24-1068 Monsanto v. Durnell . COURT OF APPEALS OF MISSOURI, EASTERN DISTRICT . https://www.supremecourt.gov/opinions/25pdf/24-1068_n7ip.pdf",https://www.bayer.com/media/en-us/monsanto-wins-landmark-roundup-case-at-us-supreme-court/,"Bayer. (2026, June 25). Monsanto wins landmark roundupTM case at U.S. Supreme Court. Bayer. Monsanto Wins Landmark RoundupTM Case at U.S. Supreme Court. https://www.bayer.com/media/en-us/monsanto-wins-landmark-roundup-case-at-us-supreme-court/"